{
    "dataset": "chinese",
    "model": "multi_head_selection",
    "data_root": "data/chinese/multi_head_selection",
    "raw_data_root": "raw_data/chinese",
    "train": "train_data.json",
    "dev": "dev_data.json",
    "relation_vocab": "relation_vocab.json",
    "print_epoch": 3,
    "evaluation_epoch":27,
    "max_text_len": 100,
    "cell_name": "lstm",
    "emb_size": 300,
    "rel_emb_size": 100,
    "bio_emb_size": 50,
    "hidden_size": 300,
    "threshold": 0.5,
    "activation": "tanh",
    "optimizer": "adam",
    "epoch_num": 30,
    "train_batch": 100,
    "eval_batch": 400,
    "gpu":1
}