{
    "dataset": "conll_bert",
    "model": "multi_head_selection",
    "data_root": "data/conll_bert/multi_head_selection",
    "raw_data_root": "raw_data/CoNLL04",
    "train": "train.txt",
    "dev": "test.txt",
    "relation_vocab": "relation_vocab.json",
    "print_epoch": 3,
    "evaluation_epoch":132,
    "max_text_len": 250,
    "cell_name": "bert",
    "emb_size": 300,
    "rel_emb_size": 100,
    "bio_emb_size": 50,
    "hidden_size": 300,
    "threshold": 0.5,
    "activation": "tanh",
    "optimizer": "adamw",
    "epoch_num": 150,
    "train_batch": 16,
    "eval_batch": 16,
    "gpu":3
}